eval_loss,eval_precision,eval_recall,eval_f1,eval_runtime,eval_samples_per_second,eval_steps_per_second,epoch
0.05614407733082771,0.9835839852433901,0.9865907878356749,0.9847018093161675,1.537,173.716,11.061,705
0.06142531335353851,0.9855026100097297,0.9869109016539214,0.9851437892469994,1.5365,173.773,11.064,940
0.05988076701760292,0.9851856701590108,0.9866619242397296,0.9851210871000389,1.5305,174.454,11.108,1175
0.06401070952415466,0.984474302931242,0.9838520362795661,0.9837079663848496,1.5465,172.645,10.992,1410
0.06346434354782104,0.9842213297909904,0.9849190823403877,0.9844919227296158,1.53,174.511,11.111,1645
